project_url,id,state,started_at,finished_at,commit_id,commit_message
https://github.com/a-r-j/graphein,236309448,canceled,2021-08-26T17:19:02Z,2021-08-26T17:20:25Z,599388941,add baseline notebook
https://github.com/a-r-j/graphein,236309441,canceled,2021-08-26T17:19:00Z,2021-08-26T17:20:25Z,599388924,add baseline notebook
https://github.com/acgetchell/CDT-plusplus,257784408,errored,2022-11-15T01:44:08Z,2022-11-15T01:45:53Z,804914588,"(refactor) Bi-stellar flip

Import current version of bistellar flip from https://github.com/acgetchell/bistellar-flip

This mostly works except for setting neighboring cells correctly.

Update all tests accordingly.

Remove lots of dead code, including src/bistellar.cpp.

Update GHA to vcpkgGitCommitId: 783e2d8e9983a74fad1b9d7b1d88a020438d32b2"
https://github.com/acgetchell/CDT-plusplus,257657548,passed,2022-11-10T17:03:47Z,2022-11-10T17:15:04Z,803247621,"(refactor) More clang-tidy fixes

Also fix GHA for Windows."
https://github.com/amadeus4dev/amadeus-python,227708101,passed,2021-06-02T08:11:44Z,2021-06-02T08:12:57Z,556474064,"Merge pull request #118 from amadeus4dev/location-score

Add support for Location Score API"
https://github.com/amadeus4dev/amadeus-python,227704980,passed,2021-06-02T07:33:19Z,2021-06-02T07:34:23Z,556454413,add test and docs
https://github.com/apache/dubbo-go-pixiu,250088742,failed,2022-05-01T07:59:33Z,2022-05-01T08:02:09Z,719147707,fix ci
https://github.com/apache/dubbo-go-pixiu,250078942,failed,2022-04-30T07:46:47Z,2022-04-30T07:49:25Z,718975640,Merge branch 'develop' into lds
https://github.com/apache/daffodil,200541472,passed,2020-03-26T15:10:05Z,2020-03-26T15:47:01Z,445424902,"Support empty choice branches with direct dispatch

When parsing a direct dispatch choice, it's possible one of the choice
branches is an empty sequences. This optimizes to a NadaParser which
cannot be used at runtime. So when this happens, instead use a custom
parser that does nothing, but allows for the ChoiceCombinatorParser to
have a parser to run for that branch.

The logic already exists for non-direct dispatch choices--this just uses
that same parser, though moved to a choice specific file and rename to
be consistent with the equivalent unparser and make the ""choice"" aspect
of it more apparent.

DAFFODIL-2306"
https://github.com/apache/daffodil,200541471,canceled,,2020-03-26T14:39:13Z,445424901,"Remove unused term methods

Removed
- possibleFirstChildTerms
- couldBeLastElementInModelGroup
- hasPriorRequiredSiblings
- hasLastRequiredSiblings
- isSquenceChild
- possibleFirstChildElementsInInfoset
- possibleNextSiblingTerms
Rename tests to show representation of testing of
hasStaticallyRequiredOccurrencesInDataRepresentation

DAFFODIL-2305"
https://github.com/astrorama/Alexandria,202680156,passed,2020-11-19T10:05:14Z,2020-11-19T10:18:02Z,450168141,"Merge pull request #37 from astrorama/fix/warnings

Fix warnings and build with clang 11"
https://github.com/astrorama/Alexandria,202410826,passed,2020-11-18T15:02:06Z,2020-11-18T15:32:01Z,449510195,Fix build on macos
https://github.com/AtakamaLLC/omen2,243812645,passed,2021-12-21T14:02:07Z,2021-12-21T14:03:22Z,656595661,bumpver
https://github.com/AtakamaLLC/omen2,243783580,passed,2021-12-21T02:31:38Z,2021-12-21T02:34:39Z,656343888,Merge branch 'master' of github.com:AtakamaLLC/omen2 into clear-cache-on-reload
https://github.com/AtakamaLLC/notanorm,255405293,passed,2022-09-09T19:47:48Z,2022-09-09T19:48:58Z,776063109,less tx commits
https://github.com/AtakamaLLC/notanorm,255402257,passed,2022-09-09T18:18:21Z,2022-09-09T18:21:50Z,776033175,usepip
https://github.com/atlas-bi/atlas-automation-hub,237272421,passed,2021-09-09T10:26:48Z,2021-09-09T10:29:59Z,605655139,updated readme links
https://github.com/atlas-bi/atlas-automation-hub,227186082,passed,2021-05-27T21:08:12Z,2021-05-27T21:11:16Z,553945881,removed maint task from schedule
https://github.com/aws/aws-toolkit-jetbrains,197241667,failed,2020-05-21T22:14:29Z,2020-05-21T22:28:51Z,437779487,Merge branch 'master' into feature/connection-ux
https://github.com/aws/aws-toolkit-jetbrains,197241666,failed,2020-05-21T21:39:58Z,2020-05-21T21:54:39Z,437779486,Fix all of the easy FIX_WHEN_MIN_IS_193 (#1776)
https://github.com/AWSToolbox/list-rds-instances,228785671,passed,2021-06-12T12:31:34Z,2021-06-12T12:33:02Z,562183695,Fix pur issues from travis
https://github.com/AWSToolbox/list-rds-instances,228785627,failed,2021-06-12T12:27:23Z,2021-06-12T12:28:52Z,562183138,Update travis slack integration due to new slack organisation
https://github.com/AWSToolbox/list-availability-zones,228785670,passed,2021-06-12T12:31:13Z,2021-06-12T12:32:16Z,562183672,Fix pur issues from travis
https://github.com/AWSToolbox/list-availability-zones,228785620,failed,2021-06-12T12:27:14Z,2021-06-12T12:27:58Z,562183079,Update travis slack integration due to new slack organisation
https://github.com/AWSToolbox/list-regions,228785674,passed,2021-06-12T12:32:12Z,2021-06-12T12:35:28Z,562183760,Fix pur issues from travis
https://github.com/AWSToolbox/list-regions,228785631,failed,2021-06-12T12:28:09Z,2021-06-12T12:29:38Z,562183161,Update travis slack integration due to new slack organisation
https://github.com/biolink/biolink-model-toolkit,220723391,passed,2021-03-21T03:34:05Z,2021-03-21T03:34:58Z,518112251,refactor according to code review comments.
https://github.com/biolink/biolink-model-toolkit,220723390,passed,2021-03-21T03:33:33Z,2021-03-21T03:34:23Z,518112248,refactor according to code review comments.
https://github.com/bluet/proxybroker2,164968663,failed,2020-05-10T03:18:30Z,2020-05-10T03:28:48Z,343976170,update: pytest ignore flake8 max length check
https://github.com/bluet/proxybroker2,164963850,failed,2020-05-10T01:55:25Z,2020-05-10T02:04:47Z,343964803,update: flake format
https://github.com/brave/brave-browser,159600309,passed,2020-04-09T13:10:59Z,2020-04-09T13:14:13Z,328571540,Classify web pages under cache-control for Brave Ads
https://github.com/brave/brave-browser,159600282,errored,2020-04-09T13:10:50Z,2020-04-09T13:13:43Z,328571460,Classify web pages under cache-control for Brave Ads
https://github.com/CastagnaIT/plugin.video.netflix,103820014,failed,2019-03-10T17:01:14Z,2019-03-10T17:02:19Z,179356120,"Refactor of menu code and many fixes

Fixed error when my list is empty
Fixed lost values in the global variable, the variables were not persistent and cause problems (thanks to kodi system)
Fixed menu_title error caused by the above mentioned problem
The storage of subtitle preferences for TV series should also be corrected
Fixed PersistentStorage went to remove existing files before its reuse
No more double menus in the sub-menus
TODO: in purge_cache delete all ndb file cache files and re-init persistent storage values"
https://github.com/CastagnaIT/plugin.video.netflix,103776382,failed,2019-03-09T13:27:02Z,2019-03-09T13:28:05Z,179246509,Fixed Polish translation
https://github.com/clarkperkins/saucerbot,240187045,passed,2021-10-20T01:07:39Z,2021-10-20T01:13:38Z,626187343,Added whoami command
https://github.com/clarkperkins/saucerbot,240186872,passed,2021-10-20T01:00:55Z,2021-10-20T01:07:09Z,626185641,Added whoami command
https://github.com/codenotary/immudb,204663584,canceled,2020-11-26T13:56:53Z,2020-11-27T01:57:48Z,455079866,"chore(embedded/store): changed defaults

Signed-off-by: Jeronimo Irazabal <jeronimo.irazabal@gmail.com>"
https://github.com/codenotary/immudb,204659485,passed,2020-11-26T13:24:55Z,2020-11-26T13:46:50Z,455062054,"fix(embedded/store): release tx before linear proof generation

Signed-off-by: Jeronimo Irazabal <jeronimo.irazabal@gmail.com>"
https://github.com/Colin-b/pytest_httpx,240477696,passed,2021-10-25T07:32:42Z,2021-10-25T07:33:33Z,628517629,Mock HTTPX using RESPX
https://github.com/Colin-b/pytest_httpx,240477446,failed,2021-10-25T07:28:26Z,2021-10-25T07:29:11Z,628515684,Mock HTTPX using RESPX
https://github.com/constellation-app/constellation,231791814,failed,2021-07-05T09:36:57Z,2021-07-05T09:50:14Z,574149325,Add new RDF icons
https://github.com/constellation-app/constellation,231791492,failed,2021-07-05T09:33:26Z,2021-07-05T09:36:40Z,574147587,temp push testing 2
https://github.com/cowrie/cowrie,225155691,errored,2021-05-07T03:28:48Z,2021-05-07T03:30:37Z,542475374,private ranges
https://github.com/cowrie/cowrie,223118024,passed,2021-04-15T01:26:14Z,2021-04-15T01:44:02Z,531205389,mark typing with '-' to ignore exit code
https://github.com/cvxpy/cvxpy,226059078,failed,2021-05-17T05:28:43Z,2021-05-17T05:42:36Z,547741032,Add typing for shape
https://github.com/cvxpy/cvxpy,225881970,failed,2021-05-13T21:23:37Z,2021-05-13T21:32:19Z,546677720,fix #1366
https://github.com/cyniu88/malina,227352100,failed,2021-05-29T21:31:49Z,2021-05-29T21:39:28Z,554742510,operator << dla enuma
https://github.com/cyniu88/malina,225497978,passed,2021-05-10T18:42:42Z,2021-05-10T18:51:06Z,544399223,przycisk 433MHz  gniazdko na tarasie
https://github.com/CZ-NIC/knot-resolver,203588085,passed,2020-11-23T14:46:47Z,2020-11-23T15:09:17Z,452516288,meson: use / instead of join_paths
https://github.com/CZ-NIC/knot-resolver,203559407,failed,2020-11-23T12:41:23Z,2020-11-23T13:05:32Z,452428912,TODO: description
https://github.com/damavis/airflow-pentaho-plugin,257637476,passed,2022-11-10T08:18:05Z,2022-11-10T08:23:31Z,803029864,Added an exception if status response is not what is expected.
https://github.com/damavis/airflow-pentaho-plugin,257637475,passed,2022-11-10T08:18:06Z,2022-11-10T08:23:03Z,803029861,Added an exception if status response is not what is expected.
https://github.com/darkaico/strava-extensions,173936767,passed,2020-07-01T20:49:12Z,2020-07-01T20:50:17Z,370193816,Renaming strava_viewer to strava_extensions
https://github.com/darkaico/strava-extensions,173935355,passed,2020-07-01T20:37:48Z,2020-07-01T20:38:56Z,370189128,Updating README
https://github.com/Deltares/liwo-services,212824062,passed,2021-01-12T14:00:50Z,2021-01-12T14:02:03Z,480580374,"Merge pull request #2 from Deltares/uwsgi-nginx-container

container with uwsgi and nginx for production server"
https://github.com/Deltares/liwo-services,212823347,passed,2021-01-12T13:54:47Z,2021-01-12T13:55:59Z,480576620,fix tests
https://github.com/dojot/baseline-builder,202946845,failed,2021-04-09T14:23:14Z,2021-04-09T14:23:44Z,450797326,v0.5.0-rc.2
https://github.com/dojot/baseline-builder,202621011,failed,2020-11-19T02:43:39Z,2020-11-19T02:44:07Z,449982109,v0.5.0-rc.1
https://github.com/domvwt/esparto,246341356,canceled,2022-02-11T23:55:03Z,2022-02-12T23:54:07Z,680076075,"Bump isort from 5.8.0 to 5.10.1

Bumps [isort](https://github.com/pycqa/isort) from 5.8.0 to 5.10.1.
- [Release notes](https://github.com/pycqa/isort/releases)
- [Changelog](https://github.com/PyCQA/isort/blob/main/CHANGELOG.md)
- [Commits](https://github.com/pycqa/isort/compare/5.8.0...5.10.1)

---
updated-dependencies:
- dependency-name: isort
  dependency-type: direct:development
  update-type: version-update:semver-minor
...

Signed-off-by: dependabot[bot] <support@github.com>"
https://github.com/domvwt/esparto,246341354,canceled,2022-02-11T23:54:42Z,2022-02-11T23:55:42Z,680076064,"Bump isort from 5.8.0 to 5.10.1

Bumps [isort](https://github.com/pycqa/isort) from 5.8.0 to 5.10.1.
- [Release notes](https://github.com/pycqa/isort/releases)
- [Changelog](https://github.com/PyCQA/isort/blob/main/CHANGELOG.md)
- [Commits](https://github.com/pycqa/isort/compare/5.8.0...5.10.1)

---
updated-dependencies:
- dependency-name: isort
  dependency-type: direct:development
  update-type: version-update:semver-minor
...

Signed-off-by: dependabot[bot] <support@github.com>"
https://github.com/broadinstitute/sam,225131299,passed,2021-05-06T20:58:39Z,2021-05-06T21:10:04Z,542339422,"[CA-1258] Add a status check to LdapRegistrationDAO and use to check openDJ (#519)

* Add a status check to LdapRegistrationDAO and use to check openDJ

* Compiling, tests not passing

* Working StatusServiceSpec tests

* Fix mocks to work successfully for status checks

* [NOT WORKING] Mock registration DAO

* Move to enums, add mockregistrationdao

* Change a string

* Testing

* More testing

* Try scala version different

* Remove version commands

* PR Feedback

* PR Feedback

* Change name to connectionType"
https://github.com/broadinstitute/sam,225092171,passed,2021-05-06T15:12:24Z,2021-05-06T15:23:47Z,542140373,Change name to connectionType
https://github.com/dynawo/dynawo,203082857,passed,2020-11-20T16:45:29Z,2020-11-20T17:34:49Z,451210130,#1029 Fix calculated bus state variables
https://github.com/dynawo/dynawo,203082850,passed,2020-11-20T16:34:36Z,2020-11-20T17:10:34Z,451210077,#1029 Fix calculated bus state variables
https://github.com/edgarrmondragon/citric,169724721,failed,2020-06-04T23:07:42Z,2020-06-04T23:08:11Z,357342062,"Feature/docker (#5)

* Add compose file

* Update readme

* Add example lss"
https://github.com/edgarrmondragon/citric,169724559,failed,2020-06-04T23:05:27Z,2020-06-04T23:06:25Z,357341441,Add example lss
https://github.com/ercole-io/ercole,211739171,passed,2021-01-04T08:24:41Z,2021-01-04T08:29:53Z,476035986,"fix divide by zero
fix #460"
https://github.com/ercole-io/ercole,211413958,passed,2020-12-31T15:21:42Z,2020-12-31T15:29:03Z,474909304,"Merge pull request #465 from cirelli94/licenses-types

Refactoring: Oracle Database Licenses"
https://github.com/ESSS/alfasim-sdk,130079510,passed,2019-10-02T18:08:49Z,2019-10-02T18:09:48Z,249667301,"Fb asim 3113 merge with master (#71)

Fb asim 3113 merge with master"
https://github.com/ESSS/alfasim-sdk,130072796,passed,2019-10-02T17:20:00Z,2019-10-02T17:21:10Z,249648243,"Merge pull request #69 from ESSS/fb-ETK-ASIM-3055-xpath-needs-to-handle-missing-files

Fb etk asim 3055 xpath needs to handle missing files"
https://github.com/ESSS/barril,132858973,failed,2019-10-21T16:37:15Z,2019-10-21T16:41:52Z,257186575,"Add support for GitHub Actions

I only add build for 3.7 python on linux and windows latest. But if others are necessary just tell me. Also where those 'Publish package to PyPI' variables are set? If someone could tell me just send a PM."
https://github.com/ESSS/barril,132219052,passed,2019-10-16T18:41:26Z,2019-10-16T18:43:27Z,255458398,"Merge pull request #36 from volpatto/release-v1.7.2

Release v1.7.2"
https://github.com/ESSS/oop-ext,188220482,passed,2020-10-05T18:08:36Z,2020-10-05T18:11:28Z,417973451,Update badges
https://github.com/ESSS/oop-ext,187683756,passed,2020-10-01T18:10:46Z,2020-10-01T18:11:45Z,416168904,Merge pull request #24 from nicoddemus/callbacks-context
https://github.com/ezsystems/user-documentation,74335700,failed,2018-05-24T08:26:28Z,2018-05-24T08:26:54Z,115481410,Update organizing_the_content.md
https://github.com/ezsystems/user-documentation,74216252,failed,2018-05-23T11:05:21Z,2018-05-23T11:05:36Z,115284924,small correction
https://github.com/fedecalendino/nintendeals,210588025,passed,2020-12-26T02:12:52Z,2020-12-26T02:14:57Z,472594726,Fix setup.py
https://github.com/fedecalendino/nintendeals,202995382,passed,2020-12-05T14:59:45Z,2020-12-05T15:01:35Z,450947087,Fix setup.py
https://github.com/finbourne/lusid-python-tools,197368809,failed,2020-11-02T18:47:48Z,2020-11-02T19:05:48Z,437932623,"SE-445: Fix LPT tests (#151)

- added ExampleData.xlsx
- included portfolio group test
- fixed create portfolio call in lpt
- skipped list instruments and list scopes until we can find a better way to test this (will take very long in CI)"
https://github.com/finbourne/lusid-python-tools,197367116,passed,2020-11-02T16:38:30Z,2020-11-02T16:56:42Z,437930569,Travis making black code formatting
https://github.com/finbourne/lusid-sdk-python-preview,197399728,passed,2020-11-02T20:14:55Z,2020-11-02T20:21:43Z,437995767,Update SDK 0.11.2243
https://github.com/finbourne/lusid-sdk-python-preview,197370780,passed,2020-11-02T19:03:09Z,2020-11-02T19:05:50Z,437941020,Update SDK 0.11.2240
https://github.com/finbourne/lusid-sdk-python,197462649,passed,2020-11-02T22:41:01Z,2020-11-02T22:43:56Z,438109422,Update SDK 0.11.2240
https://github.com/finbourne/lusid-sdk-python,197400404,passed,2020-11-02T20:20:28Z,2020-11-02T20:29:16Z,437998546,Update SDK 0.11.2243
https://github.com/fishilico/home-files,206911867,errored,2020-12-06T20:36:28Z,2020-12-06T21:29:57Z,461088787,"*-CI: debug the failure of some tests

Sometimes, graph-hw, mount-tree and suid-list might fail."
https://github.com/fishilico/home-files,206911852,errored,2020-12-06T20:34:02Z,2020-12-06T21:26:39Z,461088740,".github: fix ""whichpkg grep"" test on Ubuntu 20.04

While at it, clean-up the GitHub Actions configuration."
https://github.com/gemrb/gemrb,227243852,canceled,2021-05-28T09:45:51Z,2021-05-28T09:49:11Z,554241246,added -q switch to avoid audio and enable more tests
https://github.com/gemrb/gemrb,227228608,canceled,2021-05-28T07:24:15Z,2021-05-28T07:27:30Z,554163118,"move the desktop file into platforms/ as well

not technically limited to linux, but no point in a separate unix dir yet"
https://github.com/Hongbo-Miao/hongbomiao.com,203090154,passed,2020-11-20T16:48:53Z,2020-11-20T16:57:06Z,451222716,chore: temp
https://github.com/Hongbo-Miao/hongbomiao.com,203078708,passed,2020-11-20T16:14:44Z,2020-11-20T16:23:10Z,451197659,build(github): add github actions
https://github.com/huangsam/chowist,90438652,passed,2018-11-06T16:13:39Z,2018-11-06T16:16:12Z,147319337,Update popper to 1.14.4
https://github.com/huangsam/chowist,88947857,passed,2018-10-24T05:01:46Z,2018-10-24T05:02:56Z,144113822,Update flake8 to 3.6.0
https://github.com/ITISFoundation/osparc-simcore,203131135,canceled,2020-11-20T18:13:46Z,2020-11-20T19:59:56Z,451295662,Upgrade tests tools and fixtures deps in services
https://github.com/ITISFoundation/osparc-simcore,203096096,failed,2020-11-20T17:28:51Z,2020-11-20T18:08:30Z,451244077,Fixes catalog after refactoring
https://github.com/jaytmiller/caldp,207632217,passed,2020-12-09T22:21:09Z,2020-12-09T22:29:43Z,463370671,"Merge pull request #28 from jaytmiller/fix-stis-keywords

Add missing version keywords for STIS"
https://github.com/jaytmiller/caldp,202773757,passed,2020-11-19T14:07:13Z,2020-11-19T14:16:36Z,450362443,"Fixes missing version keywords for STIS _raw and _wav files.
Updated file sizes for COS test la8q99030"
https://github.com/jgbustos/ml_rest_api,107091358,failed,2019-04-04T15:07:47Z,2019-04-04T15:08:05Z,187331907,Update .gitignore
https://github.com/jmcnamara/XlsxWriter,234097806,passed,2021-07-30T13:28:08Z,2021-07-30T13:29:16Z,586424866,python3: remove unicode_literals.
https://github.com/jmcnamara/XlsxWriter,234097554,passed,2021-07-30T13:25:01Z,2021-07-30T13:27:23Z,586423435,Prep for release 1.4.5
https://github.com/kbat/mc-tools,204233905,failed,2020-11-25T14:11:42Z,2020-11-25T14:12:25Z,454184740,bugfix: basename -> inp
https://github.com/kbat/mc-tools,203866519,failed,2020-11-24T17:08:10Z,2020-11-24T17:08:54Z,453377514,fluka2root: -clean removes SLURM output files
https://github.com/kubevirt/hyperconverged-cluster-operator,203583670,errored,2021-06-17T14:01:51Z,2021-06-17T14:02:24Z,452498643,"Delete other CRs with DeletePropagationForeground

Delete all other CRs in parallel with
DeletePropagationForeground.
Use a context with 30 second timeouts to
avoif getting stuck in the middle of the delete.

Signed-off-by: Simone Tiraboschi <stirabos@redhat.com>"
https://github.com/kubevirt/hyperconverged-cluster-operator,203581397,passed,2020-11-23T14:02:28Z,2020-11-23T14:08:34Z,452489505,"Add a mutating webhook to protect hco namespace (#949)

Introducing a mutating admission webhooks, deployed by
the OLM, bound to the namespace where HCO is running
to protect it from uneducated deletion the can
potentially made it stuck.
The webhook scope is limited to that specific namespace
by the use of an objectSelector.

In this first step the mutating webhook is simply refusing,
with a clear error message,to admit the deletion of the
namespace if the Hyperconverged CR is still there.
A future enhancement can try to delete the Hyperconverged CR
as a side effect (that's why a mutating webhook with side effects)
and, only when it and all its descendants are correctly
and safely deleted, admit the deletion of the namespace.
This requires other ancillary work to make the deletion safe
avoiding race conditions.
So let's simply refuse to delete the namespace as a first
and safer step.

Test it in CI at the end of upgrade test lanes:
the test will try to delete the namespace when the Hyperconverged CR
is still there looking for a specific error message,
the test then will delete the hyperconverged CR and finally
successfully delete the namespace.

Fixes: https://bugzilla.redhat.com/1881874

Signed-off-by: Simone Tiraboschi <stirabos@redhat.com>"
https://github.com/kubevirt/ssp-operator,234074020,passed,2021-07-30T08:20:12Z,2021-07-30T08:29:08Z,586290856,"Merge pull request #206 from akrejcir/merge-ci-jobs-v0.1

[release-v0.1] Move test scripts from OCP CI jobs to automation directory"
https://github.com/kubevirt/ssp-operator,234007768,passed,2021-07-29T16:10:27Z,2021-07-29T16:19:15Z,585952964,"Move test scripts from OCP CI jobs to automation directory

The test scripts from OCP CI jobs are moved to this repository.
Then CI jobs for different branches can be merged into a single job.

Signed-off-by: Andrej Krejcir <akrejcir@redhat.com>"
https://github.com/kubevirt/cluster-network-addons-operator,230659018,passed,2021-06-24T05:52:13Z,2021-06-24T06:01:34Z,568819269,"components, Update multus repo url (#906)

Signed-off-by: Ram Lavi <ralavi@redhat.com>"
https://github.com/kubevirt/cluster-network-addons-operator,230505758,passed,2021-06-23T04:27:21Z,2021-06-23T04:36:24Z,568124872,"components, Update multus repo url

Signed-off-by: Ram Lavi <ralavi@redhat.com>"
https://github.com/leonardocintra/likeestampa,236951782,failed,2021-09-04T20:48:35Z,2021-09-04T20:49:29Z,603593927, teste pixel facebook
https://github.com/leonardocintra/likeestampa,236947561,failed,2021-09-04T16:56:06Z,2021-09-04T16:57:03Z,603565571,fix imagem pagamento
https://github.com/lookit/lookit-api,257571821,passed,2022-11-08T21:48:03Z,2022-11-08T21:54:56Z,802241369,Merge pull request #1031 from lookit/develop
https://github.com/lookit/lookit-api,257571820,passed,2022-11-08T21:48:00Z,2022-11-08T21:54:47Z,802241367,"Merge pull request #1035 from lookit/node-version-12

Move node version to 12 for EFP"
https://github.com/LSYS/forestplot,254006987,passed,2022-08-04T08:17:47Z,2022-08-04T08:18:35Z,760761768,Rename index.md to index
https://github.com/LSYS/forestplot,254006829,passed,2022-08-04T08:14:39Z,2022-08-04T08:15:24Z,760760312,Create index.md
https://github.com/LycheeOrg/LycheeOrg.github.io,212670182,failed,2021-01-11T11:42:14Z,2021-01-11T11:42:34Z,479843237,better test
https://github.com/LycheeOrg/LycheeOrg.github.io,212641224,passed,2021-01-11T07:11:38Z,2021-01-11T07:11:59Z,479711605,added updated html
https://github.com/marklion/progress_assitant,236583485,passed,2021-08-31T10:02:40Z,2021-08-31T10:06:44Z,601239314,add container dev config
https://github.com/marklion/progress_assitant,236581005,passed,2021-08-31T09:33:03Z,2021-08-31T09:37:10Z,601223894,ZYZL-157 #comment remove update vehile info when driver checkin (#145)
https://github.com/maxbrunet/mmemoji,239971261,passed,2021-10-16T22:21:28Z,2021-10-16T22:25:04Z,624697102,Enable Mypy static type checker
https://github.com/maxbrunet/mmemoji,239971191,passed,2021-10-16T22:12:36Z,2021-10-16T22:16:03Z,624696208,Enable Mypy static type checker
https://github.com/michalgagat/easylist,234998898,failed,2021-08-10T21:47:34Z,2021-08-10T21:47:55Z,591493243,A: https://msnbc.com/
https://github.com/michalgagat/easylist,233805070,failed,2021-07-27T18:06:35Z,2021-07-27T18:06:57Z,584788256,"Merge pull request #8456 from Yuki2718/imgur_analytics

A: imgur.com (new analytics on any image pages)"
https://github.com/mikespub-org/sclorg-django-ex,249376344,passed,2022-04-13T17:08:58Z,2022-04-13T17:10:36Z,711358251,update driver
https://github.com/mikespub-org/sclorg-django-ex,249376292,passed,2022-04-13T17:07:54Z,2022-04-13T17:09:07Z,711357700,update postgresql
https://github.com/mitre/caldera,196635046,passed,2020-10-30T17:20:16Z,2020-10-30T17:22:18Z,436278855,Removed fact highlighting regex
https://github.com/mitre/caldera,196635042,passed,2020-10-30T17:20:14Z,2020-10-30T17:22:05Z,436278835,Removed fact highlighting regex
https://github.com/MobSF/Mobile-Security-Framework-MobSF,205209303,passed,2020-11-29T17:50:35Z,2020-11-29T17:59:02Z,456486643,"Big sur support and Jadx 1.2.0 update (#1599)

* update jadx to 1.2.0
* BiSur support"
https://github.com/MobSF/Mobile-Security-Framework-MobSF,205085292,passed,2020-11-29T06:55:22Z,2020-11-29T07:03:56Z,456275653,website display error in debug mode
https://github.com/molgenis/capice,257805012,passed,2022-11-15T12:51:52Z,2022-11-15T12:54:29Z,805154731,Removed conversion scripts.
https://github.com/molgenis/capice,257804548,failed,2022-11-15T12:40:13Z,2022-11-15T12:42:48Z,805149369,Removed documentation of lifting over model (compatibility would require additional changes).
https://github.com/MSK61/processorsim,257775034,passed,2022-11-14T20:01:46Z,2022-11-14T20:04:37Z,804801343,Convert processor loading tests
https://github.com/MSK61/processorsim,257733432,passed,2022-11-13T20:58:23Z,2022-11-13T21:01:01Z,804294318,Refactor conversion logic
https://github.com/MTES-MCT/aides-territoires,205620743,passed,2020-12-01T10:42:46Z,2020-12-01T10:49:25Z,457612282,"Merge pull request #287 from MTES-MCT/footer-div-newsletter

Ecriture inclusive dans le bloc Newsletter du footer"
https://github.com/MTES-MCT/aides-territoires,205618861,passed,2020-12-01T10:30:20Z,2020-12-01T10:37:00Z,457604369,"Merge pull request #287 from MTES-MCT/footer-div-newsletter

Ecriture inclusive dans le bloc Newsletter du footer"
https://github.com/NatLibFi/Annif,221060710,passed,2021-03-24T14:29:32Z,2021-03-24T14:33:54Z,520049407,introduce SubjectIndex.active property and use it in MLLM backend
https://github.com/NatLibFi/Annif,220959935,passed,2021-03-23T16:29:03Z,2021-03-23T16:33:35Z,519457170,MLLM backend: refactor prepare_train by splitting out idf calculation
https://github.com/NeilJustice/ZenUnitAndMetalMock,215869793,canceled,2021-02-03T03:01:45Z,2021-02-03T03:15:39Z,492951455,Update ZenUnitPy/sonar-zenunitpy.properties
https://github.com/NeilJustice/ZenUnitAndMetalMock,215514651,passed,2021-02-01T01:36:21Z,2021-02-01T02:10:58Z,491442962,Merge branch 'main' of https://github.com/NeilJustice/ZenUnitAndMetalMock
https://github.com/NeilJustice/Cloudundancy,215514617,passed,2021-02-01T01:35:20Z,2021-02-01T02:05:22Z,491442759,Refactoring
https://github.com/NeilJustice/Cloudundancy,213609603,passed,2021-01-19T06:59:11Z,2021-01-19T07:59:46Z,484081355,Update command line argument spacing
https://github.com/NeilJustice/FileArb,215524668,passed,2021-02-01T05:08:34Z,2021-02-01T05:20:16Z,491501598,Update Linux Jenkins jobs screenshot
https://github.com/NeilJustice/FileArb,215524302,canceled,2021-02-01T05:03:26Z,2021-02-01T05:07:55Z,491500049,Fix two clang-tidy issues
https://github.com/NeilJustice/FileRevisor,215869803,canceled,2021-02-03T03:01:46Z,2021-02-03T03:15:39Z,492951511,Update readme
https://github.com/NeilJustice/FileRevisor,215333672,passed,2021-01-29T22:41:24Z,2021-01-29T23:03:52Z,490780573,Update README.md
https://github.com/Nikas-Project/Server,174952264,failed,2020-07-09T10:07:57Z,2020-07-09T10:08:47Z,373511598,"Update .gitlab-ci.yml

- Fix problem with image's tag"
https://github.com/Nikas-Project/Server,174950467,failed,2020-07-09T09:54:11Z,2020-07-09T09:55:02Z,373504876,"Update .gitlab-ci.yml

- Fix problem with version file name"
https://github.com/nrz/ylikuutio,233282550,passed,2021-06-08T21:28:57Z,2021-06-08T21:39:28Z,581839691,Merge branch 'develop'
https://github.com/nrz/ylikuutio,233282549,passed,2021-06-07T23:27:50Z,2021-06-07T23:38:17Z,581839690,Merge branch 'develop'
https://github.com/onecommons/unfurl,243319864,failed,2021-12-12T21:50:17Z,2021-12-12T22:02:05Z,652336374,"Fix docker runtime tests (#95)

Make docker runtime interactive and always pass it related environment variables."
https://github.com/onecommons/unfurl,243318597,failed,2021-12-12T19:11:41Z,2021-12-12T19:23:52Z,652319541,updates for latest release
https://github.com/openfoodfacts/openfoodfacts-server,205120548,errored,2020-11-10T18:10:14Z,2020-11-10T18:11:16Z,456391793,fix test
https://github.com/openfoodfacts/openfoodfacts-server,205120547,errored,2020-11-01T11:44:14Z,2020-11-01T11:47:30Z,456391792,fix test
https://github.com/openfoodfacts/openfoodfacts-python,205121132,passed,2020-11-20T19:42:37Z,2020-11-20T23:12:17Z,456391899,Create FUNDING.yml
https://github.com/openfoodfacts/openfoodfacts-python,205121131,canceled,,2020-11-20T11:00:08Z,456391898,"Merge pull request #67 from openfoodfacts/dependabot/add-v2-config-file

Create Dependabot config file"
https://github.com/Patrowl/PatrowlEngines,225120565,canceled,,2021-06-22T12:56:47Z,542288835,"Bump flask-cors from 3.0.7 to 3.0.9 in /engines/sslscan

Bumps [flask-cors](https://github.com/corydolphin/flask-cors) from 3.0.7 to 3.0.9.
- [Release notes](https://github.com/corydolphin/flask-cors/releases)
- [Changelog](https://github.com/corydolphin/flask-cors/blob/master/CHANGELOG.md)
- [Commits](https://github.com/corydolphin/flask-cors/compare/3.0.7...3.0.9)

Signed-off-by: dependabot[bot] <support@github.com>"
https://github.com/Patrowl/PatrowlEngines,225120557,canceled,2021-05-06T19:26:37Z,2021-06-22T12:56:46Z,542288810,"Bump flask-cors from 3.0.7 to 3.0.9 in /engines/sslscan

Bumps [flask-cors](https://github.com/corydolphin/flask-cors) from 3.0.7 to 3.0.9.
- [Release notes](https://github.com/corydolphin/flask-cors/releases)
- [Changelog](https://github.com/corydolphin/flask-cors/blob/master/CHANGELOG.md)
- [Commits](https://github.com/corydolphin/flask-cors/compare/3.0.7...3.0.9)

Signed-off-by: dependabot[bot] <support@github.com>"
https://github.com/paulchen/kotlin-rocket-bot,234413856,errored,2021-08-03T20:21:29Z,2021-08-03T20:23:21Z,588146378,add dependency to library
https://github.com/paulchen/kotlin-rocket-bot,234190692,passed,2021-08-01T14:12:31Z,2021-08-01T14:15:16Z,586944776,properly handle RocketChat going down and up again
https://github.com/plgd-dev/hub,198494126,failed,2020-11-05T16:28:33Z,2020-11-05T16:47:41Z,440461738,"Update module ugorji/go/codec to v1.1.13

Generated by renovateBot"
https://github.com/plgd-dev/hub,198494123,passed,2020-11-05T16:28:27Z,2020-11-05T16:29:31Z,440461715,"Update module ugorji/go/codec to v1.1.13

Generated by renovateBot"
https://github.com/ps-lizarazo/CouchPotatoServer,257478832,passed,2022-11-07T03:40:20Z,2022-11-07T03:41:07Z,801169012,project
https://github.com/ps-lizarazo/CouchPotatoServer,257478752,passed,2022-11-07T03:34:56Z,2022-11-07T03:35:47Z,801167912,quality
https://github.com/researchdata-sheffield/dataviz-hub2,216214942,passed,2021-02-05T15:56:49Z,2021-02-05T16:01:27Z,494686459,Merge branch 'development'
https://github.com/researchdata-sheffield/dataviz-hub2,216214916,passed,2021-02-05T15:56:44Z,2021-02-05T16:00:51Z,494686327,update homepage
https://github.com/rpreen/xcsf,203306416,errored,2020-11-21T13:02:35Z,2020-11-21T13:41:26Z,451675634,test build yaml
https://github.com/rpreen/xcsf,203306237,passed,2020-11-21T12:59:37Z,2020-11-21T13:56:23Z,451674942,test build yaml
https://github.com/sartography/SpiffWorkflow,257763718,passed,2022-11-14T15:37:45Z,2022-11-14T15:49:58Z,804676396,"Merge pull request #262 from sartography/feature/parser_info_features

Parser Information about messages, correlation keys, and the presence of lanes"
https://github.com/sartography/SpiffWorkflow,257722879,passed,2022-11-12T17:41:52Z,2022-11-12T17:53:38Z,804076986,"We are jumping through a lot of complex xml parsing in SpiffWorkflow-Backend because we need to know some basic information about a BPMN process at the moment it is saved.  Rather than do that work in the backend, it seems better to have SpiffWorkflow handle parsing the xml and providing a bit of metadata, including:

  * What messages are defined at the top level of a BPMN Diagram
  * What correlation keys are defined at teh top level of a BPMN Diagram
  * If a message start event exists on a process, and what message it listens for
  * Whether a process contains lanes"
https://github.com/scipion-em/scipion-pyworkflow,172957559,failed,2020-06-25T06:36:28Z,2020-06-25T06:37:04Z,367137357,"Merge pull request #96 from scipion-em/adding-deploy-action

Create main.yml"
https://github.com/scipion-em/scipion-pyworkflow,172878499,failed,2020-06-24T16:30:32Z,2020-06-24T16:31:04Z,366860120,Create main.yml
https://github.com/SerenityOS/serenity,199083259,passed,2020-11-08T01:58:06Z,2020-11-08T02:02:04Z,441876322,LibGUI: Prevent multiple drag initiations while drag messages are passed
https://github.com/SerenityOS/serenity,199079725,passed,2020-11-08T00:38:14Z,2020-11-08T00:41:47Z,441863627,LibWeb: Use the system theme's button text color for <input> buttons
https://github.com/swift-nav/libsettings,227867825,failed,2021-06-03T12:43:22Z,2021-06-03T12:49:09Z,557287156,Add rust from treadmill
https://github.com/swift-nav/libsettings,227615269,failed,2021-06-01T14:04:17Z,2021-06-01T14:07:00Z,555985608,"Bump third_party/libsbp from `20d5549` to `18575e9`

Bumps [third_party/libsbp](https://github.com/swift-nav/libsbp) from `20d5549` to `18575e9`.
- [Release notes](https://github.com/swift-nav/libsbp/releases)
- [Commits](https://github.com/swift-nav/libsbp/compare/20d55490820ec8df3b2327060e0ae8f271861979...18575e92670160b0088129f48e1e6ff18636ca8b)

Signed-off-by: dependabot-preview[bot] <support@dependabot.com>"
https://github.com/swift-nav/libsbp,222032699,canceled,2021-04-02T18:55:01Z,2021-04-02T18:57:37Z,525333308,"[HS-131] Add INS status mode (#926)

* Add new mode to MSG_INS_STATUS"
https://github.com/swift-nav/libsbp,221984466,passed,2021-04-02T05:44:13Z,2021-04-02T06:41:30Z,525053622,Release v3.4.6
https://github.com/swsnu/swppfall2022-team7,257720782,passed,2022-11-12T12:46:02Z,2022-11-12T12:51:50Z,804034519,docs: kill cache of coverage badge (#84)
https://github.com/swsnu/swppfall2022-team7,257576476,passed,2022-11-09T00:52:30Z,2022-11-09T00:57:31Z,802300969,"Restyle: adjust z index of notification (#82)

* test: make coverage more than 80%

* fix: fix security error in addTask

* fix: make task id more general

* restyle: adjust z index of calendar"
https://github.com/swsnu/swppfall2022-team1,257106063,failed,2022-10-27T03:59:50Z,2022-10-27T04:02:09Z,796445816,Update README.md
https://github.com/swsnu/swppfall2022-team1,257106060,failed,2022-10-27T03:56:58Z,2022-10-27T03:59:06Z,796445790,Update README.md
https://github.com/swsnu/swppfall2022-team3,257718020,passed,2022-11-12T04:38:49Z,2022-11-12T04:42:48Z,803972042,Merge branch 'dev'
https://github.com/swsnu/swppfall2022-team3,257696732,passed,2022-11-11T14:00:41Z,2022-11-11T14:04:26Z,803708632,Merge branch 'dev'
https://github.com/swsnu/swppfall2022-team8,257720175,passed,2022-11-12T10:53:22Z,2022-11-12T10:57:00Z,804019972,"Update ChattingPage.tsx

bug fix"
https://github.com/swsnu/swppfall2022-team8,257684831,passed,2022-11-11T07:02:07Z,2022-11-11T07:05:48Z,803564262,Update README.md
https://github.com/swsnu/swppfall2022-team4,257813877,passed,2022-11-15T16:12:31Z,2022-11-15T16:17:19Z,805255744,"[FIX] ESLint error, Code smell"
https://github.com/swsnu/swppfall2022-team4,257813874,passed,2022-11-15T16:06:24Z,2022-11-15T16:11:52Z,805255709,"[FIX] ESLint error, Code smell"
https://github.com/swsnu/swppfall2022-team12,257802012,errored,2022-11-15T11:46:34Z,2022-11-15T11:46:59Z,805121121,rewrite code
https://github.com/swsnu/swppfall2022-team12,257801157,errored,2022-11-15T11:15:54Z,2022-11-15T11:16:22Z,805111568,refactoring completed
https://github.com/swsnu/swppfall2022-team15,257815151,failed,2022-11-15T16:30:32Z,2022-11-15T16:35:55Z,805270535,add SignIn.test.tsx
https://github.com/swsnu/swppfall2022-team15,257801686,failed,2022-11-15T11:40:51Z,2022-11-15T11:45:51Z,805117289,add Scrollbar.test.tsx
https://github.com/swsnu/swppfall2022-team16,257719589,passed,2022-11-12T09:45:31Z,2022-11-12T09:51:00Z,804007303,Merge branch 'develop/main'
https://github.com/swsnu/swppfall2022-team16,257719255,passed,2022-11-12T08:41:21Z,2022-11-12T08:47:19Z,804001187,Merge branch 'develop/main'
https://github.com/swsnu/swpp2021-team12,243495631,canceled,,2022-10-31T18:43:49Z,653848129,fixing minor bug:userinfo
https://github.com/swsnu/swpp2021-team12,243495419,failed,2021-12-15T13:07:32Z,2021-12-15T13:11:21Z,653846145,ADD mysql
https://github.com/swsnu/swppfall2022-team11,257721876,failed,2022-11-12T15:31:08Z,2022-11-12T15:33:31Z,804058745,add calendar test and store
https://github.com/swsnu/swppfall2022-team11,257719090,failed,2022-11-12T07:58:22Z,2022-11-12T08:00:57Z,803998258,add calendar test and store
https://github.com/swsnu/swppfall2022-team6,257784706,failed,2022-11-15T02:02:38Z,2022-11-15T02:06:49Z,804918541,Add provider to map and map search tests
https://github.com/swsnu/swppfall2022-team6,257784702,failed,2022-11-15T01:57:46Z,2022-11-15T02:01:56Z,804918525,Add provider to map and map search tests
https://github.com/swsnu/swppfall2022-team9,257812868,passed,2022-11-15T15:54:41Z,2022-11-15T15:57:41Z,805245488,"backend: remove profile not found case from GET, PUT /api/profile/"
https://github.com/swsnu/swppfall2022-team9,257812268,passed,2022-11-15T15:43:18Z,2022-11-15T15:46:41Z,805238341,backend:test: add test for signup profile creation
https://github.com/swsnu/swppfall2022-team19,257814587,failed,2022-11-15T16:19:13Z,2022-11-15T16:21:50Z,805263941,"Merge pull request #46 from swsnu/ny3

product app update nayeong"
https://github.com/swsnu/swppfall2022-team19,257813863,failed,2022-11-15T16:02:38Z,2022-11-15T16:05:40Z,805255607,product app update nayeong
https://github.com/swsnu/swppfall2022-team10,257788372,failed,2022-11-15T05:27:28Z,2022-11-15T05:30:31Z,804969066,fix: act(...) at test
https://github.com/swsnu/swppfall2022-team10,257785991,failed,2022-11-15T03:07:47Z,2022-11-15T03:11:09Z,804936626,"Merge pull request #14 from swsnu/sprint3

PostCreate PostEdit test edited"
https://github.com/swsnu/swppfall2022-team17,257774616,passed,2022-11-14T19:49:28Z,2022-11-14T19:52:37Z,804796326,web: tests so far
https://github.com/swsnu/swppfall2022-team17,257761655,passed,2022-11-14T15:04:11Z,2022-11-14T15:07:14Z,804653195,web: tests so far
https://github.com/tefra/xsdata,188182124,passed,2020-10-05T15:12:15Z,2020-10-05T15:17:23Z,417863844,Mute false positive until next mypy release
https://github.com/tefra/xsdata,188181639,passed,2020-10-05T15:09:04Z,2020-10-05T15:12:01Z,417861900,Mute false positive until next mypy release
https://github.com/tomwillis608/ssacc,190847719,passed,2020-10-18T22:09:50Z,2020-10-18T22:11:38Z,425433959,fix missing /
https://github.com/tomwillis608/ssacc,190847591,passed,2020-10-18T22:07:58Z,2020-10-18T22:09:39Z,425433609,"Merge pull request #18 from tomwillis608/github-actions

evaluating travis to github action migration"
https://github.com/twilio/twilio-python,241063156,passed,2021-11-02T20:38:04Z,2021-11-02T20:39:47Z,633046307,fix deploy
https://github.com/twilio/twilio-python,241058527,passed,2021-11-02T19:20:52Z,2021-11-02T19:22:36Z,633011557,Release 7.2.0
https://github.com/umrlastig/tracklib,234852408,errored,2021-08-09T13:39:25Z,2021-08-09T13:39:45Z,590660719,circleci
https://github.com/umrlastig/tracklib,234848319,errored,2021-08-09T13:21:32Z,2021-08-09T13:21:53Z,590648217,circleci
https://github.com/vkgeo/vkgeo-web,210124144,passed,2020-12-21T20:40:26Z,2020-12-21T21:00:23Z,470842768,Style nits.
https://github.com/vkgeo/vkgeo-web,210124090,passed,2020-12-21T20:39:42Z,2020-12-21T20:41:12Z,470842503,Style nits.
https://github.com/zeshuaro/telegram-pdf-bot,227425513,passed,2021-05-30T13:20:41Z,2021-05-30T13:23:55Z,555011583,Add deploy to staging workflow (#326)
https://github.com/zeshuaro/telegram-pdf-bot,227404675,passed,2021-05-29T23:25:30Z,2021-05-29T23:28:46Z,554902957,Update pascalgn/automerge-action action to v0.14.2 (#325)
